{"successful_requests": 100, "slowest": 0.30313967799997954, "fastest": 0.12213860099996054, "total_time": 2.0102112979999447, "requests_per_minute": 2985, "requests_per_second": 50}